[{"id":"84896464.5bc448","type":"tab","label":"Flow Podcast","disabled":false,"info":""},{"id":"cd637dd2.d8901","type":"function","z":"84896464.5bc448","name":"Prepara_STT","func":"msg.chatId = msg.payload.chatId;\nmsg.payload = msg.payload.weblink;\n\n\nreturn msg;","outputs":1,"noerr":0,"initialize":"","finalize":"","libs":[],"x":380,"y":60,"wires":[["ceec7adc.fd30a8"]]},{"id":"ceec7adc.fd30a8","type":"watson-speech-to-text","z":"84896464.5bc448","name":"STT","alternatives":1,"speakerlabels":false,"smartformatting":false,"lang":"pt-BR","langhidden":"pt-BR","langcustom":"NoCustomisationSetting","langcustomhidden":"","custom-weight":"0.5","band":"BroadbandModel","bandhidden":"","keywords":"","keywords-threshold":"0.5","word-confidence":false,"password":"","apikey":"1jnBTV_9Yudj0uH0EW-veH9m308ndT2jLM-nesfQ5MaN","payload-response":true,"streaming-mode":false,"streaming-mute":true,"auto-connect":false,"discard-listening":false,"disable-precheck":false,"service-endpoint":"https://api.us-south.speech-to-text.watson.cloud.ibm.com/instances/b8dcf9e6-fb54-44a8-80fd-38efe9abf1f3","x":490,"y":240,"wires":[["6de959c5.383388"]]},{"id":"da706042.2a64d","type":"switch","z":"84896464.5bc448","name":"","property":"payload.type","propertyType":"msg","rules":[{"t":"eq","v":"voice","vt":"str"},{"t":"eq","v":"message","vt":"str"},{"t":"eq","v":"photo","vt":"str"}],"checkall":"true","repair":false,"outputs":3,"x":270,"y":340,"wires":[["cd637dd2.d8901"],["8c9b101886592ca2"],["26d62fbf16225528"]]},{"id":"c7ff3585.0cb448","type":"telegram receiver","z":"84896464.5bc448","name":"","bot":"12d69f86286ab970","saveDataDir":"","filterCommands":false,"x":15,"y":300,"wires":[["da706042.2a64d"],[]],"l":false},{"id":"20b3f95.b361106","type":"watson-text-to-speech","z":"84896464.5bc448","name":"TTS","lang":"pt-BR","langhidden":"pt-BR","langcustom":"NoCustomisationSetting","langcustomhidden":"","voice":"pt-BR_IsabelaV3Voice","voicehidden":"pt-BR_IsabelaV3Voice","format":"audio/wav","password":"","apikey":"XeKOegd5pQA-64wxOih7YDdKTqVX6kf8iWcEVybG1TFD","payload-response":true,"service-endpoint":"https://api.us-south.text-to-speech.watson.cloud.ibm.com/instances/4cabdc94-5172-4a05-a84e-752d0b1a934b","x":990,"y":240,"wires":[["9ffb5ead.9b9b2"]]},{"id":"ece24794.055338","type":"watson-assistant-v2","z":"84896464.5bc448","name":"Escola","service-endpoint":"https://api.us-south.assistant.watson.cloud.ibm.com/instances/40f62f52-dc66-4bb8-9a73-1ed3369625a5","assistant_id":"fda9b446-e86c-4760-ab41-266ccbcaa3e7","debug":false,"restart":false,"return_context":true,"alternate_intents":false,"multisession":true,"timeout":"","optout-learning":false,"persist-session-id":false,"x":730,"y":240,"wires":[["5c8b4fe1.e2b4e"]]},{"id":"5c8b4fe1.e2b4e","type":"function","z":"84896464.5bc448","name":"Prepara_TTS","func":"\n if(msg.payload.output.generic[0].response_type == \"suggestion\"){\n     let mensagem = \"\";\n     for(var i = 0; i < msg.payload.output.generic[0].suggestions.length; i++){\n      mensagem += msg.payload.output.generic[0].suggestions[i].label + \"\\n\";\n  }\n  msg.payload = mensagem;\n    \n }else{\n     msg.payload = msg.payload.output.generic[0].text;\n }\nreturn msg;","outputs":1,"noerr":0,"initialize":"","finalize":"","libs":[],"x":880,"y":60,"wires":[["20b3f95.b361106"]]},{"id":"9ffb5ead.9b9b2","type":"function","z":"84896464.5bc448","name":"Prepara_Telegram","func":"msg.payload = {\n    \"chatId\" : msg.chatId,\n    type : \"voice\",\n    content : msg.payload\n}\n\nreturn msg;","outputs":1,"noerr":0,"initialize":"","finalize":"","libs":[],"x":1150,"y":60,"wires":[["3321ab22.7a0c04"]]},{"id":"3321ab22.7a0c04","type":"telegram sender","z":"84896464.5bc448","name":"","bot":"12d69f86286ab970","haserroroutput":false,"outputs":1,"x":1430,"y":300,"wires":[[]]},{"id":"6de959c5.383388","type":"function","z":"84896464.5bc448","name":"Prepara_Watson","func":"msg.params ={\n    \"session_id\" : msg.payload.chatId\n}\n\nreturn msg;","outputs":1,"noerr":0,"initialize":"","finalize":"","libs":[],"x":630,"y":60,"wires":[["ece24794.055338"]]},{"id":"26d62fbf16225528","type":"function","z":"84896464.5bc448","name":"","func":"msg.payload = {\n    chatId : msg.payload.chatId,\n    type : \"message\",\n    content : \"Meus criadores ainda não me ensinaram a ver imagens\",\n} \nreturn msg;","outputs":1,"noerr":0,"initialize":"","finalize":"","libs":[],"x":680,"y":500,"wires":[["3321ab22.7a0c04"]]},{"id":"8c9b101886592ca2","type":"function","z":"84896464.5bc448","name":"","func":"msg.params = {\n    \"session_id\" : msg.payload.chatId\n}\nmsg.chatId = msg.payload.chatId;\nmsg.payload = msg.payload.content;\nreturn msg;","outputs":1,"noerr":0,"initialize":"","finalize":"","libs":[],"x":520,"y":340,"wires":[["47f0f3f1a8492fe5"]]},{"id":"7d6af2d6aa3fb77f","type":"function","z":"84896464.5bc448","name":"","func":"if(msg.payload.output.generic[0].response_type == \"suggestion\"){\n    for(var i = 0; i < msg.payload.output.generic[0].suggestions.length; i++){\n        msg.payload += msg.payload.output.generic[0].suggestions[i].output.generic[0].text + \"\";\n    }\n    \n}\nmsg.payload.chatId = msg.chatId;\nmsg.payload.content = msg.payload.output.generic[0].text;\nmsg.payload.type = \"message\";\n\nreturn msg;","outputs":1,"noerr":0,"initialize":"","finalize":"","libs":[],"x":980,"y":340,"wires":[["3321ab22.7a0c04"]]},{"id":"47f0f3f1a8492fe5","type":"watson-assistant-v2","z":"84896464.5bc448","name":"Escola","service-endpoint":"https://api.us-south.assistant.watson.cloud.ibm.com/instances/40f62f52-dc66-4bb8-9a73-1ed3369625a5","assistant_id":"fda9b446-e86c-4760-ab41-266ccbcaa3e7","debug":false,"restart":false,"return_context":true,"alternate_intents":false,"multisession":true,"timeout":"","optout-learning":false,"persist-session-id":false,"x":730,"y":340,"wires":[["7d6af2d6aa3fb77f"]]},{"id":"12d69f86286ab970","type":"telegram bot","botname":"@Duvidas_pais_1TDSS","usernames":"","chatids":"","baseapiurl":"","updatemode":"polling","pollinterval":"300","usesocks":false,"sockshost":"","socksport":"6667","socksusername":"anonymous","sockspassword":"","bothost":"","botpath":"","localbotport":"8443","publicbotport":"8443","privatekey":"","certificate":"","useselfsignedcertificate":false,"sslterminated":false,"verboselogging":false}]